model,AUC,LogLoss,Brier,PR_AUC
best_rf_model,0.9963259789457654,0.13265628587435715,0.02997638643989818,0.9967099733089106
dnn_model,0.9826578591688717,0.16825369780130064,0.05229861761903846,0.9843444353881668
rnn_model,0.9821184951108235,0.17111674052467202,0.05286777962144932,0.9817169118395223
svm_model,0.9464950854416121,0.2730538231216179,0.08562075090553668,0.9575170893336826
best_dnn_model_rf,0.5901911886949294,0.713531612191114,0.2557428684356895,0.5460924445640561
